quality,subgroup,size_sg,size_dataset,positives_sg,positives_dataset,size_complement,relative_size_sg,relative_size_complement,coverage_sg,coverage_complement,target_share_sg,target_share_complement,target_share_dataset,lift
0.08443813656066797,max_no_maintenance_streak>=3,42,2430,30,175,2388,0.01728395061728395,0.9827160493827161,0.17142857142857143,0.8285714285714286,0.7142857142857143,0.06072026800670017,0.0720164609053498,9.918367346938775
0.08443813656066797,max_no_maintenance_streak>=3 AND total_no_maintenance>=3,42,2430,30,175,2388,0.01728395061728395,0.9827160493827161,0.17142857142857143,0.8285714285714286,0.7142857142857143,0.06072026800670017,0.0720164609053498,9.918367346938775
0.07274881438710587,max_no_maintenance_streak>=3 AND pressure__longest_strike_above_mean: [3.0:4.0[,19,2430,17,175,2411,0.007818930041152264,0.9921810699588477,0.09714285714285714,0.9028571428571428,0.8947368421052632,0.06553297386976359,0.0720164609053498,12.424060150375938
0.07274881438710587,max_no_maintenance_streak>=3 AND pressure__longest_strike_above_mean: [3.0:4.0[ AND total_no_maintenance>=3,19,2430,17,175,2411,0.007818930041152264,0.9921810699588477,0.09714285714285714,0.9028571428571428,0.8947368421052632,0.06553297386976359,0.0720164609053498,12.424060150375938
0.07058009996542597,max_no_maintenance_streak>=3 AND operating_temperature__longest_strike_below_mean: [3.0:4.0[,20,2430,17,175,2410,0.00823045267489712,0.9917695473251029,0.09714285714285714,0.9028571428571428,0.85,0.06556016597510374,0.0720164609053498,11.802857142857142
0.07058009996542597,max_no_maintenance_streak>=3 AND operating_temperature__longest_strike_below_mean: [3.0:4.0[ AND total_no_maintenance>=3,20,2430,17,175,2410,0.00823045267489712,0.9917695473251029,0.09714285714285714,0.9028571428571428,0.85,0.06556016597510374,0.0720164609053498,11.802857142857142
