quality,subgroup,size_sg,size_dataset,positives_sg,positives_dataset,size_complement,relative_size_sg,relative_size_complement,coverage_sg,coverage_complement,target_share_sg,target_share_complement,target_share_dataset,lift
0.08315648266081468,max_no_maintenance_streak>=3,133,7285,91,501,7152,0.0182566918325326,0.9817433081674674,0.18163672654690619,0.8183632734530938,0.6842105263157895,0.05732662192393736,0.06877144818119424,9.94904926988129
0.08315648266081468,max_no_maintenance_streak>=3 AND total_no_maintenance>=3,133,7285,91,501,7152,0.0182566918325326,0.9817433081674674,0.18163672654690619,0.8183632734530938,0.6842105263157895,0.05732662192393736,0.06877144818119424,9.94904926988129
0.06675888047804267,machine_id==3 AND max_no_maintenance_streak>=3,84,7285,58,501,7201,0.01153054221002059,0.9884694577899794,0.1157684630738523,0.8842315369261478,0.6904761904761905,0.06151923343980003,0.06877144818119424,10.040157779678736
0.06675888047804267,machine_id==3 AND max_no_maintenance_streak>=3 AND total_no_maintenance>=3,84,7285,58,501,7201,0.01153054221002059,0.9884694577899794,0.1157684630738523,0.8842315369261478,0.6904761904761905,0.06151923343980003,0.06877144818119424,10.040157779678736
0.06675888047804267,machine_age==36 AND max_no_maintenance_streak>=3 AND total_no_maintenance>=3,84,7285,58,501,7201,0.01153054221002059,0.9884694577899794,0.1157684630738523,0.8842315369261478,0.6904761904761905,0.06151923343980003,0.06877144818119424,10.040157779678736
0.06675888047804267,machine_age==36 AND machine_id==3 AND max_no_maintenance_streak>=3 AND total_no_maintenance>=3,84,7285,58,501,7201,0.01153054221002059,0.9884694577899794,0.1157684630738523,0.8842315369261478,0.6904761904761905,0.06151923343980003,0.06877144818119424,10.040157779678736
