quality,subgroup,size_sg,size_dataset,positives_sg,positives_dataset,size_complement,relative_size_sg,relative_size_complement,coverage_sg,coverage_complement,target_share_sg,target_share_complement,target_share_dataset,lift
0.07640128063740771,max_no_maintenance_streak>=3.0 AND power_consumption__minimum==0.0,66,3645,42,250,3579,0.01810699588477366,0.9818930041152263,0.168,0.832,0.6363636363636364,0.058116792400111764,0.06858710562414266,9.278181818181817
0.07640128063740771,max_no_maintenance_streak>=3.0 AND power_consumption__minimum==0.0 AND total_no_maintenance>=3.0,66,3645,42,250,3579,0.01810699588477366,0.9818930041152263,0.168,0.832,0.6363636363636364,0.058116792400111764,0.06858710562414266,9.278181818181817
0.07640128063740771,load__median==1.0 AND max_no_maintenance_streak>=3.0 AND power_consumption__minimum==0.0,66,3645,42,250,3579,0.01810699588477366,0.9818930041152263,0.168,0.832,0.6363636363636364,0.058116792400111764,0.06858710562414266,9.278181818181817
0.07640128063740771,load__mean==1.0 AND max_no_maintenance_streak>=3.0 AND power_consumption__minimum==0.0,66,3645,42,250,3579,0.01810699588477366,0.9818930041152263,0.168,0.832,0.6363636363636364,0.058116792400111764,0.06858710562414266,9.278181818181817
0.07640128063740771,load__mean==1.0 AND max_no_maintenance_streak>=3.0 AND power_consumption__minimum==0.0 AND total_no_maintenance>=3.0,66,3645,42,250,3579,0.01810699588477366,0.9818930041152263,0.168,0.832,0.6363636363636364,0.058116792400111764,0.06858710562414266,9.278181818181817
0.07640128063740771,load__mean==1.0 AND load__median==1.0 AND max_no_maintenance_streak>=3.0 AND power_consumption__minimum==0.0,66,3645,42,250,3579,0.01810699588477366,0.9818930041152263,0.168,0.832,0.6363636363636364,0.058116792400111764,0.06858710562414266,9.278181818181817
